setting,model,H1,L1,V1,Independent_peak_bound,Time_aligned,Fixed_response_coherent
band 20 to 128 Hz,Sine Gaussian (fixed),7.849139788261911,11.315070820974254,3.9062283716514994,14.31427410631899,14.17542934463506,6.861596859107568
band 20 to 128 Hz,SEOBNRv4_opt,8.699370482288378,11.535198821722748,3.5439089698046473,14.876126828951346,14.481277037940748,8.486775675562296
band 20 to 128 Hz,IMRPhenomXPHM,8.240719061282233,10.956553132090606,3.688650569996122,14.197240936563608,13.975384267607598,8.286161785993102
band 20 to 128 Hz,Sine Gaussian (grid),7.93338357564075,11.74071685477591,3.6816333912694863,14.640267471941078,14.46593529209653,7.7431196745052056
band 25 to 256 Hz,Sine Gaussian (fixed),7.849139009941752,11.315071429198941,3.9062277344196175,14.31427398642392,14.175429371011854,6.861596659752892
band 25 to 256 Hz,SEOBNRv4_opt,8.622614850082357,11.63123310592924,3.4969676335456916,14.895094932473285,14.551801065173946,8.496599606668562
band 25 to 256 Hz,IMRPhenomXPHM,8.159468220104213,11.019277986535966,3.655068536725217,14.190170364995812,13.988559577529507,8.289057423943703
band 25 to 256 Hz,Sine Gaussian (grid),7.933316937321086,11.74073588569805,3.6814629173460434,14.640203754644183,14.465852595736909,7.743089891098243
band 30 to 256 Hz,Sine Gaussian (fixed),7.849154590693822,11.315121591221303,3.906244340463544,14.314326713476113,14.17548380902138,6.86162606475804
band 30 to 256 Hz,SEOBNRv4_opt,8.497124453277909,11.751917462445567,3.270021563252551,14.86612690120608,14.5725435314074,8.501833822868921
band 30 to 256 Hz,IMRPhenomXPHM,8.004550668933252,11.15992499571504,3.462223495811058,14.163465284189856,14.014123354296988,8.298878450596533
band 30 to 256 Hz,Sine Gaussian (grid),7.933805874356851,11.74247657643496,3.6820444595751947,14.642010900227858,14.46755002784694,7.743773092910786
nearest 256 s PSD,Sine Gaussian (fixed),7.822858706510565,11.253177614028871,3.664993899552375,14.186729892355913,14.046738493870075,6.754106332111174
nearest 256 s PSD,SEOBNRv4_opt,8.62699857888718,11.47077167304487,3.398803166546029,14.749765090338672,14.353117895836743,8.398531190677897
nearest 256 s PSD,IMRPhenomXPHM,8.115219566904715,10.857178172554107,3.5594529612506847,14.014450109548171,13.800642109228251,8.19226963669363
nearest 256 s PSD,Sine Gaussian (grid),7.8939516837887895,11.634880618632565,3.3934083963846144,14.463752650694673,14.304931073749389,7.6139457648816276
